cod_ibge;municipio;area_territorial_km2;pop_residente;den_demografica_hab/km;escolarizacao_6_a_14_anos_percent;idhm;receitas_realizadas_1000;pib_2020
3500105;Adamantina;411.987;34687;84.19;97.6;0.79;160718.6793;35788.26
3500204;Adolfo;211.055;4351;20.62;98.6;0.73;27333.74731;38464.09
3500303;Aguaí;474.554;32072;67.58;95.8;0.715;84094.76006;31446.28
3500402;Águas da Prata;142.673;7369;51.65;98.8;0.781;29390.24814;22718.42
3500501;Águas de Lindóia;60.126;17930;298.21;96.2;0.745;86949.22213;26418.38
3500550;Águas de Santa Bárbara;1;7177;17.74;98.2;0.757;34484.19534;32824.76
3500600;Águas de São Pedro;3.612;2780;769.66;98.4;0.854;25157.75668;39186.7
3500709;Agudos;966.708;37680;38.98;97.9;0.745;159980.6205;61799.1
3500758;Alambari;159.6;6141;38.48;99.3;0.712;23710.99557;19832.91
3500808;Alfredo Marcondes;118.915;4445;37.38;98.6;0.741;16478.9668;26263.11
3500907;Altair;313.007;3451;11.03;96;0.687;22318.94651;26679.18
3501004;Altinópolis;928.956;16818;18.1;99.3;0.73;72144.19151;40198.44
3501103;Alto Alegre;318.574;3841;12.06;95.1;0.7;20846.4169;28574.33
3501152;Alumínio;83.619;17301;206.9;98.8;0.766;75397.42207;119952.09
3501202;Álvares Florence;362.411;3915;10.8;99.3;0.728;20470.81479;30750.75
3501301;Álvares Machado;347.647;27255;78.4;98.3;0.758;62881.3731;24598.56
3501400;Álvaro de Carvalho;153.662;4808;31.29;99.2;0.688;17943.08204;10112.46
3501509;Alvinlândia;84.879;2885;33.99;99.3;0.722;15306.4017;17789.73
3501608;Americana;133.912;237240;1771.61;98;0.811;774032.5912;49907.97
3501707;Américo Brasiliense;122.958;33019;268.54;98.6;0.751;99791.19948;26705.95
3501806;Américo de Campos;252.876;5870;23.21;98.2;0.745;23218.51517;18248.55
3501905;Amparo;445.323;68008;152.72;95.7;0.785;262299.6617;63521.24
3502002;Analândia;325.953;4589;14.08;99.7;0.754;31224.86385;38762.45
3502101;Andradina;964.226;59783;62;98.2;0.779;166955.2711;46733.61
3502200;Angatuba;1027.288;24022;23.38;98.3;0.719;82865.40739;51817.83
3502309;Anhembi;736.557;5674;7.7;97.2;0.721;31346.97388;22752.36
3502408;Anhumas;320.84;4023;12.54;98.3;0.741;19928.85581;20017.33
3502507;Aparecida;120.89;32569;269.41;98.4;0.755;111612.7646;27206.69
3502606;Aparecida d'Oeste;179.004;4086;22.83;97.7;0.721;19560.67564;37490.85
3502705;Apiaí;974.322;24585;25.23;97.3;0.71;71090.28962;29682.44
3502754;Araçariguama;145.204;21522;148.22;98.2;0.704;109901.4892;140809.35
3502804;Araçatuba;1167.126;200124;171.47;97.6;0.788;524096.0557;41913.02
3502903;Araçoiaba da Serra;255.305;32443;127.08;99.4;0.776;137563.5926;28068.97
3503000;Aramina;202.829;5420;26.72;98.7;0.74;23826.00133;27533.57
3503109;Arandu;285.908;6885;24.08;98.4;0.685;30445.16322;28695.3
3503158;Arapeí;156.903;2330;14.85;98.7;0.68;15297.20594;16212.51
3503208;Araraquara;1003.625;242228;241.35;98.7;0.815;813194.6774;44813.53
3503307;Araras;644.831;130866;202.95;97.5;0.781;543415.814;47779.64
3503356;Arco-Íris;264.904;2044;7.72;99.1;0.722;14876.26005;47412.65
3503406;Arealva;506.226;8130;16.06;99.6;0.744;28042.66791;28362.7
3503505;Areias;305.227;3577;11.72;96.8;0.697;17339.9579;14580.15
3503604;Areiópolis;85.907;10130;117.92;97.3;0.695;31683.03985;13182.41
3503703;Ariranha;132.624;7602;57.32;99.6;0.733;46471.2831;99204.4
3503802;Artur Nogueira;178.026;51456;289.04;98.3;0.749;151691.3716;26702.02
3503901;Arujá;96.167;86678;901.33;98.2;0.784;285278.2461;83735.27
3503950;Aspásia;69.373;1842;26.55;97.1;0.735;15746.94939;22012.5
3504008;Assis;460.609;101409;220.16;98.9;0.805;354752.0284;35535.6
3504107;Atibaia;478.521;158647;331.54;97.3;0.765;489342.7624;51443.08
3504206;Auriflama;434.498;13692;31.51;98.8;0.773;43953.08385;21323.7
3504305;Avaí;540.689;4483;8.29;99.4;0.714;20941.63736;72824.31
3504404;Avanhandava;338.37;11263;33.29;97.2;0.705;47969.29454;35438.28
3504503;Avaré;1213.055;92805;76.51;97.9;0.767;312718.5032;30896.52
3504602;Bady Bassitt;110.372;27260;246.98;98.5;0.746;63869.75059;26249.59
3504701;Balbinos;91.635;3887;42.42;98.9;0.669;15169.28571;10441.93
3504800;Bálsamo;149.881;9596;64.02;99;0.756;24569.88605;27025.5
3504909;Bananal;616.429;9969;16.17;97.1;0.733;34246.83743;18548.14
3505005;Barão de Antonina;153.142;3531;23.06;100;0.711;16391.90513;19732.55
3505104;Barbosa;205.212;5640;27.48;98.4;0.699;23186.35882;15992.51
3505203;Bariri;444.405;31595;71.1;96.3;0.75;103011.584;38508.74
3505302;Barra Bonita;150.121;34346;228.79;99.8;0.788;115636.2077;38059.67
3505351;Barra do Chapéu;405.681;5179;12.77;96.9;0.66;15358.93517;24982.55
3505401;Barra do Turvo;1007.684;6876;6.82;95.6;0.641;35549.80915;14303.74
3505500;Barretos;1566.161;122485;78.21;97.8;0.789;526127.6901;40621.11
3505609;Barrinha;146.025;32092;219.77;97.5;0.725;81349.19113;16688.68
3505708;Barueri;65.701;316473;4816.87;97.8;0.786;2741826.705;185046.58
3505807;Bastos;170.912;21503;125.81;98.5;0.751;59380.25797;46690.01
3505906;Batatais;849.526;58402;68.75;97.7;0.761;174113.8563;33118.93
3506003;Bauru;667.684;379146;567.85;96.9;0.801;1302951.882;40021.97
3506102;Bebedouro;683.192;76373;111.79;98.5;0.78;270495.3764;41504.95
3506201;Bento de Abreu;301.687;2606;8.64;97.9;0.744;18357.07305;69395.89
3506300;Bernardino de Campos;244.158;11607;47.54;98.3;0.734;32647.22923;27022.96
3506359;Bertioga;491.546;64188;130.58;98.1;0.73;429374.2846;29433.13
3506409;Bilac;158.025;7319;46.32;99;0.768;29925.48339;33004.63
3506508;Birigui;530.031;118979;224.48;98;0.78;363952.1717;29382.24
3506607;Biritiba Mirim;317.406;29683;93.52;97.7;0.712;78762.9826;30219.33
3506706;Boa Esperança do Sul;690.748;12978;18.79;96;0.681;51604.80184;24116.4
3506805;Bocaina;363.926;11259;30.94;99.3;0.742;37931.81899;18981.5
3506904;Bofete;653.541;10460;16.01;95.1;0.705;38598.94168;17188.66
3507001;Boituva;248.954;61081;245.35;98.7;0.78;198057.0267;48024.19
3507100;Bom Jesus dos Perdões;108.366;22006;203.07;97.7;0.713;82258.02662;41935.29
3507159;Bom Sucesso de Itararé;133.578;3555;26.61;98.3;0.66;16854.96935;16390.9
3507209;Borá;118.951;907;7.62;94.6;0.746;12701.99598;81601.28
3507308;Boracéia;122.11;4715;38.61;99.3;0.754;24639.33308;92233.02
3507407;Borborema;552.256;14226;25.76;98.3;0.73;47433.25277;28908.67
3507456;Borebi;347.989;2713;7.8;99.5;0.705;18631.30925;25466.61
3507506;Botucatu;1482.642;145155;97.9;97.8;0.8;401443.7621;34357.99
3507605;Bragança Paulista;512.584;176811;344.94;97;0.776;474355.0672;39824.05
3507704;Braúna;195.176;5356;27.44;98.6;0.737;20303.16854;20163.7
3507753;Brejo Alegre;105.689;2565;24.27;95.9;0.71;20227.97667;20966.75
3507803;Brodowski;278.458;25201;90.5;97.5;0.755;78111.5528;31848.16
3507902;Brotas;1101.373;23898;21.7;99.1;0.74;94406.93639;41398.58
3508009;Buri;1196.463;20250;16.92;98.5;0.667;74241.65561;33386.71
3508108;Buritama;326.921;17210;52.64;96.7;0.763;78465.55996;41206.49
3508207;Buritizal;266.42;4356;16.35;99.4;0.735;26483.07913;51823.27
3508306;Cabrália Paulista;239.974;4299;17.91;97.5;0.694;19157.79667;19309.33
3508405;Cabreúva;260.234;47011;180.65;97.3;0.738;206809.2262;104273.37
3508504;Caçapava;368.99;96202;260.72;98;0.788;245450.2308;48021.97
3508603;Cachoeira Paulista;287.99;31564;109.6;98;0.764;88016.7067;18937.5
3508702;Caconde;468.214;17101;36.52;97.7;0.72;52754.87491;25093.7
3508801;Cafelândia;920.28;16654;18.1;96.7;0.742;62054.66542;34444.32
3508900;Caiabu;253.352;3712;14.65;98.9;0.729;17842.45456;16214.04
3509007;Caieiras;97.642;95032;973.27;94.8;0.781;290687.0754;39023.54
3509106;Caiuá;551.159;5466;9.92;99.3;0.697;30250.15624;14950.98
3509205;Cajamar;131.386;92689;705.47;96.5;0.728;447553.5002;266875.13
3509254;Cajati;454.436;28515;62.75;98.4;0.694;101869.7944;55946.93
3509304;Cajobi;176.929;9133;51.62;99.7;0.734;32487.39429;16173.33
3509403;Cajuru;660.088;23830;36.1;97.1;0.713;67029.45859;26218.01
3509452;Campina do Monte Alegre;184.479;5954;32.27;97.5;0.717;22714.434;22643.07
3509502;Campinas;794.571;1139047;1433.54;96;0.805;4614990.762;53896.97
3509601;Campo Limpo Paulista;79.403;77632;977.7;96.7;0.769;189590.2714;25669.04
3509700;Campos do Jordão;289.981;46974;161.99;97.1;0.749;196829.8367;24355.76
3509809;Campos Novos Paulista;484.199;4888;10.1;97.9;0.706;21740.4125;37963.58
3509908;Cananéia;1237.354;12289;9.93;97.3;0.72;53312.48738;20929.13
3509957;Canas;53.261;4931;92.58;98.3;0.704;22047.3792;21705.39
3510005;Cândido Mota;595.811;29449;49.43;98.2;0.747;119067.4762;44392.85
3510104;Cândido Rodrigues;70.892;2889;40.75;99;0.789;18557.95683;39394.8
3510153;Canitar;57.459;6283;109.35;96.1;0.68;19723.73873;29727.28
3510203;Capão Bonito;1640.229;46337;28.25;98.7;0.721;135940.403;23973.91
3510302;Capela do Alto;169.89;22866;134.59;96.5;0.699;59751.63173;16172.39
3510401;Capivari;322.878;50068;155.07;97.3;0.75;211476.5033;42575.27
3510500;Caraguatatuba;484.947;134873;278.12;97.7;0.759;671648.9289;31526.24
3510609;Carapicuíba;34.546;386984;11201.99;96.2;0.749;480422.9027;15437.46
3510708;Cardoso;639.248;11345;17.75;96.8;0.722;46308.23775;24267.11
3510807;Casa Branca;864.225;28083;32.5;96.9;0.73;97518.96221;34523.67
3510906;Cássia dos Coqueiros;191.683;2799;14.6;99.5;0.734;15898.76893;101646.04
3511003;Castilho;1065.318;19977;18.75;99.1;0.731;87054.28444;54893.77
3511102;Catanduva;290.596;115791;398.46;98.1;0.785;461372.4206;39869.67
3511201;Catiguá;148.393;7003;47.19;98.4;0.751;21266.27659;17077.5
3511300;Cedral;197.838;12618;63.78;98.7;0.766;37763.92539;41650.03
3511409;Cerqueira César;511.621;21469;41.96;98.2;0.729;75974.89702;40842.4
3511508;Cerquilho;127.803;44695;349.72;99.6;0.782;165449.8145;40306.55
3511607;Cesário Lange;190.392;19048;100.05;96.3;0.706;56792.8307;27931.34
3511706;Charqueada;175.846;15535;88.34;97.9;0.736;44565.50282;25154.89
3511904;Clementina;168.59;6982;41.41;98;0.725;28839.28053;15795.42
3512001;Colina;422.303;18486;43.77;98.4;0.757;80672.11148;66477.77
3512100;Colômbia;728.648;6629;9.1;99.2;0.71;43935.22451;60584.94
3512209;Conchal;182.793;28101;153.73;96.7;0.708;100960.51;29987.69
3512308;Conchas;466.12;15232;32.68;97.6;0.736;54724.10202;21380.95
3512407;Cordeirópolis;137.579;24514;178.18;96.7;0.758;142098.6848;132627.29
3512506;Coroados;246.825;5400;21.88;98.3;0.719;20830.3842;32473.23
3512605;Coronel Macedo;303.83;4280;14.09;99.1;0.69;22729.31678;27418.67
3512704;Corumbataí;278.622;4195;15.06;97;0.754;25285.25506;63796.71
3512803;Cosmópolis;154.665;59773;386.47;98;0.769;171948.444;26871.01
3512902;Cosmorama;441.68;8719;19.74;97.9;0.722;30778.34102;53928.42
3513009;Cotia;323.994;274413;846.97;97.5;0.78;795242.8664;55360.97
3513108;Cravinhos;311.423;33281;106.87;98.1;0.756;131080.586;39589.82
3513207;Cristais Paulista;385.23;9272;24.07;98.2;0.734;29472.10652;32076.08
3513306;Cruzália;149.33;2108;14.12;97.8;0.774;16229.07926;57572.26
3513405;Cruzeiro;305.699;74961;245.21;97.6;0.788;187068.0329;32357.47
3513504;Cubatão;142.879;112476;787.21;98;0.737;1181573.22;120940.49
3513603;Cunha;1407.25;22110;15.71;98;0.684;55363.08474;13857.47
3513702;Descalvado;753.706;31756;42.13;98.6;0.76;112355.688;54789.02
3513801;Diadema;30.732;393237;12795.69;96.8;0.757;1243622.693;35282.92
3513850;Dirce Reis;88.133;1620;18.38;100;0.741;15516.84756;36386.62
3513900;Divinolândia;223.749;11158;49.87;98.6;0.734;41501.13217;30563.69
3514007;Dobrada;149.729;8759;58.5;99.5;0.718;22281.17032;14594.14
3514106;Dois Córregos;632.972;24510;38.72;96.7;0.725;79488.72696;27424.54
3514205;Dolcinópolis;77.939;2207;28.32;100;0.742;13251.7967;24502.48
3514304;Dourado;205.874;8096;39.33;100;0.738;32243.42162;73574.6
3514403;Dracena;487.688;45474;93.24;98.2;0.776;119375.7842;29088.43
3514502;Duartina;264.557;12328;46.6;98.3;0.748;42598.5894;20692.61
3514601;Dumont;111.376;9471;85.04;97.6;0.744;29559.19567;28199.03
3514700;Echaporã;515.258;6205;12.04;98.8;0.745;25858.75298;22345
3514809;Eldorado;1654.256;13069;7.9;97.3;0.691;45711.82871;20805.58
3514908;Elias Fausto;202.36;17699;87.46;97.3;0.695;56795.78942;47965.11
3514924;Elisiário;93.98;3138;33.39;98.6;0.747;17787.07463;18357.79
3514957;Embaúba;83.129;2323;27.94;100;0.73;17245.91596;24486.07
3515004;Embu das Artes;70.398;250691;3561.05;96.8;0.735;619272.8274;50027.71
3515103;Embu-Guaçu;155.641;66970;430.29;97.1;0.749;146776.5067;17616.6
3515129;Emilianópolis;225.167;3014;13.39;97.3;0.727;16099.47556;21852.35
3515152;Engenheiro Coelho;109.941;19566;177.97;98.5;0.732;54941.01639;26067.78
3515186;Espírito Santo do Pinhal;389.235;39816;102.29;97.9;0.787;109535.8168;37356
3515194;Espírito Santo do Turvo;193.666;4157;21.46;97.4;0.696;20621.28969;19527.71
3515202;Estrela d'Oeste;296.281;9417;31.78;99;0.76;35526.62856;77794.8
3515301;Estrela do Norte;264.987;2703;10.2;98.9;0.74;16898.17931;25105.27
3515350;Euclides da Cunha Paulista;573.894;7924;13.81;98.5;0.704;29092.25561;14175.67
3515400;Fartura;429.171;16641;38.77;97.4;0.732;49079.06304;26656.84
3515509;Fernandópolis;549.797;71186;129.48;99.4;0.797;199250.692;33254.37
3515608;Fernando Prestes;169.99;5942;34.95;96.5;0.758;22629.27511;38799.84
3515657;Fernão;100.504;1656;16.48;99.1;0.703;16383.49427;46859.88
3515707;Ferraz de Vasconcelos;29.547;179198;6064.85;97.6;0.738;323758.5102;20118.65
3515806;Flora Rica;224.711;1487;6.62;99.1;0.727;14076.60941;27687.99
3515905;Floreal;204.236;2733;13.38;96.2;0.747;21076.83759;23947.9
3516002;Flórida Paulista;524.138;12958;24.72;98.9;0.715;36645.52178;16702.9
3516101;Florínea;225.886;3851;17.05;96.6;0.713;19383.35856;60749.72
3516200;Franca;605.679;352536;582.05;98.2;0.78;720800.1049;27839.58
3516309;Francisco Morato;49.001;165139;3370.11;95.8;0.703;322463.65;9696.12
3516408;Franco da Rocha;132.775;144849;1090.94;95.7;0.731;323543.7056;22731.21
3516507;Gabriel Monteiro;138.681;2763;19.92;99.7;0.763;15779.89789;27638.61
3516606;Gália;355.914;6380;17.93;97;0.709;24207.35271;28752.97
3516705;Garça;555.807;42110;75.76;98.1;0.769;154647.8558;29822.73
3516804;Gastão Vidigal;180.569;3252;18.01;96.6;0.723;19004.98059;17670.19
3516853;Gavião Peixoto;243.766;4702;19.29;98.7;0.719;45966.25853;333943.43
3516903;General Salgado;494.376;10312;20.86;98.5;0.747;42540.83689;22157.58
3517000;Getulina;676.755;10232;15.12;99.4;0.717;31784.07308;18894.77
3517109;Glicério;272.8;4138;15.17;98.5;0.735;21450.50411;23987.04
3517208;Guaiçara;277.154;11239;40.55;98.4;0.739;34948.99189;18028.89
3517307;Guaimbê;217.811;5512;25.31;99;0.728;23824.10387;40828.58
3517406;Guaíra;1258.465;39279;31.21;97.8;0.753;184411.2506;62456.35
3517505;Guapiaçu;325.126;21711;66.78;98;0.725;77410.71367;32976.98
3517604;Guapiara;408.292;17071;41.81;96.7;0.675;50172.88751;29948.85
3517703;Guará;362.183;18606;51.37;98;0.718;64882.21666;26900.02
3517802;Guaraçaí;569.197;7441;13.07;98;0.719;30110.64922;38777.11
3517901;Guaraci;641.501;10350;16.13;97;0.737;52473.47949;35144.03
3518008;Guarani d'Oeste;85.7;1968;22.96;95.6;0.732;15147.01797;20176.03
3518107;Guarantã;461.746;6427;13.92;98.9;0.713;23152.79477;28042.55
3518206;Guararapes;955.637;31043;32.48;99.6;0.763;93651.17078;33242.95
3518305;Guararema;270.816;31236;115.34;97.3;0.731;165358.3809;53918.66
3518404;Guaratinguetá;752.636;118044;156.84;97.8;0.798;314633.1417;55935.11
3518503;Guareí;567.884;15013;26.44;96.3;0.687;43590.84558;14212.56
3518602;Guariba;270.289;37498;138.73;97.3;0.719;112249.8469;24905.76
3518701;Guarujá;144.794;287634;1986.5;95.9;0.751;1349179.761;28707.73
3518800;Guarulhos;318.675;1291771;4053.57;97.1;0.763;4189490.678;47301.43
3518859;Guatapará;413.567;7320;17.7;99.1;0.743;32270.6323;32686.33
3518909;Guzolândia;252.477;4246;16.82;85.3;0.697;20936.0177;16246.53
3519006;Herculândia;364.252;9125;25.05;98.4;0.727;26291.34958;34982.47
3519055;Holambra;65.577;15094;230.17;98.8;0.793;77486.37455;83921.94
3519071;Hortolândia;62.416;236641;3791.35;97.5;0.756;780150.0722;66378.26
3519105;Iacanga;547.393;10437;19.07;96.7;0.745;48461.83495;49299.56
3519204;Iacri;321.948;6131;19.04;99.4;0.733;20293.12789;40114.67
3519253;Iaras;401.381;8010;19.96;98.5;0.674;26898.17696;17007.12
3519303;Ibaté;290.978;32178;110.59;97.6;0.703;90979.69721;30521.97
3519402;Ibirá;271.912;11690;42.99;98.4;0.74;40858.64405;21454.35
3519501;Ibirarema;228.23;6385;27.98;97.4;0.708;27436.90193;27372.9
3519600;Ibitinga;689.391;60033;87.08;95.8;0.747;145376.4727;28773.76
3519709;Ibiúna;1058.082;75605;71.45;95.8;0.71;199573.1926;27939.72
3519808;Icém;362.355;7819;21.58;98.5;0.72;35974.86526;22071.11
3519907;Iepê;594.974;7619;12.81;97.9;0.736;34905.48075;44861.72
3520004;Igaraçu do Tietê;97.747;23106;236.39;98.8;0.727;65624.76233;14169.57
3520103;Igarapava;468.355;26212;55.97;97.8;0.768;90033.56975;44240.73
3520202;Igaratá;292.953;10605;36.2;99.1;0.711;42457.14188;23415.1
3520301;Iguape;1978.795;29115;14.71;99.5;0.726;104794.1418;34863.6
3520400;Ilhabela;346.389;34934;100.85;98.3;0.756;635442.1403;302099.4
3520426;Ilha Comprida;196.567;13419;68.27;98.2;0.725;93861.35487;67679.22
3520442;Ilha Solteira;652.641;25549;39.15;99.3;0.812;129475.8982;25325.51
3520509;Indaiatuba;311.545;255748;820.9;98.2;0.788;1136120.633;71595.73
3520608;Indiana;129.367;5090;39.35;98;0.761;16701.6143;17224.31
3520707;Indiaporã;279.606;4035;14.43;98.5;0.751;21291.88555;26950.23
3520806;Inúbia Paulista;87.119;3615;41.49;98.3;0.759;16473.58183;31287.7
3520905;Ipaussu;209.554;13712;65.43;97.9;0.727;47999.30933;29770.07
3521002;Iperó;170.289;36459;214.1;98.9;0.719;91127.24315;20977.05
3521101;Ipeúna;190.01;6831;35.95;98.8;0.753;30813.47041;118999.48
3521150;Ipiguá;136.028;6761;49.7;98.5;0.73;22996.58464;20665.72
3521200;Iporanga;1152.059;4046;3.51;97.3;0.703;22215.41828;15119.69
3521309;Ipuã;466.461;14454;30.99;98;0.749;59873.28611;26813.11
3521408;Iracemápolis;115.118;21967;190.82;95.7;0.776;78956.61562;83999.44
3521507;Irapuã;257.612;6867;26.66;97.9;0.713;23318.09912;21626.11
3521606;Irapuru;214.461;7085;33.04;95.1;0.712;20510.70134;12535.32
3521705;Itaberá;1100.247;17983;16.34;97.9;0.693;58975.34391;45179.08
3521804;Itaí;1092.884;25180;23.04;97.9;0.713;99937.16476;33063.44
3521903;Itajobi;502.066;16989;33.84;94.9;0.73;77701.93202;59838.38
3522000;Itaju;230.355;3618;15.71;98.7;0.705;18533.45513;24815.91
3522109;Itanhaém;601.711;112476;186.93;97.5;0.745;399005.3954;21298.04
3522158;Itaoca;183.015;3422;18.7;98.8;0.68;17318.47582;14568.16
3522208;Itapecerica da Serra;150.742;158522;1051.61;96.8;0.742;427264.5059;24379.82
3522307;Itapetininga;1789.35;157790;88.18;96.4;0.763;448514.174;32215.54
3522406;Itapeva;1826.258;89728;49.13;98.4;0.732;324342.2398;43368.65
3522505;Itapevi;82.658;232297;2810.34;96.5;0.735;716998.9369;52224.97
3522604;Itapira;518.416;72022;138.93;98;0.762;266467.3163;54933.39
3522653;Itapirapuã Paulista;406.478;4306;10.59;99;0.661;20170.10041;11409.82
3522703;Itápolis;996.747;39493;39.62;98.4;0.744;120554.9277;36113.24
3522802;Itaporanga;507.997;14085;27.73;97.9;0.719;40344.10401;25469.57
3522901;Itapuí;140.023;13659;97.55;96.5;0.725;49511.33824;61603
3523008;Itapura;301.653;3979;13.19;98;0.72;28077.67865;21642.09
3523107;Itaquaquecetuba;82.622;369275;4469.45;96.4;0.714;628167.6763;20457.81
3523206;Itararé;1003.86;44438;44.27;98;0.703;113321.6603;21802.77
3523305;Itariri;273.667;15528;56.74;96.4;0.677;39544.6352;20305.21
3523404;Itatiba;322.269;121590;377.29;97.8;0.778;373051.5799;58423.11
3523503;Itatinga;979.817;19070;19.46;98;0.706;69737.5931;20444.54
3523602;Itirapina;564.603;16148;28.6;97.8;0.724;69875.11967;38398.32
3523701;Itirapuã;161.118;5779;35.87;99.1;0.707;20045.65674;20254.09
3523800;Itobi;138.986;8046;57.89;98.6;0.717;18360.75407;20103.74
3523909;Itu;640.719;168240;262.58;94.3;0.773;629552.2093;52456
3524006;Itupeva;200.876;70616;351.54;97.4;0.762;256241.7885;135298.79
3524105;Ituverava;704.659;37571;53.32;97.9;0.765;150382.9936;43026.1
3524204;Jaborandi;273.438;6221;22.75;98.3;0.711;29164.17778;22076.42
3524303;Jaboticabal;706.602;71821;101.64;97.9;0.778;291166.4683;40825.26
3524402;Jacareí;464.272;240275;517.53;98.3;0.777;915153.6811;59957.57
3524501;Jaci;145.133;7613;52.46;97.7;0.723;28177.56046;77724.7
3524600;Jacupiranga;704.189;16097;22.86;97.4;0.717;49043.22183;29046.48
3524709;Jaguariúna;141.391;59347;419.74;98;0.784;380624.363;195909.31
3524808;Jales;368.574;48776;132.34;98.9;0.776;145298.8394;36054.72
3524907;Jambeiro;184.413;6397;34.69;97.7;0.756;31790.23821;40166.87
3525003;Jandira;17.449;118045;6765.14;96.9;0.76;296660.3416;36380.52
3525102;Jardinópolis;501.87;45282;90.23;97.1;0.735;129583.7596;30779.9
3525201;Jarinu;207.549;37535;180.85;98.2;0.733;111672.997;85036.05
3525300;Jaú;687.103;133497;194.29;97.8;0.778;384451.3589;33256.44
3525409;Jeriquara;141.971;3863;27.21;98;0.703;17853.98056;41740.45
3525508;Joanópolis;374.293;12815;34.24;95.8;0.699;39221.68807;17392.59
3525607;João Ramalho;415.452;4371;10.52;99.4;0.741;25663.13317;28941.3
3525706;José Bonifácio;860.2;36633;42.59;99;0.777;103318.5311;35877.16
3525805;Júlio Mesquita;128.183;4254;33.19;97.7;0.716;18017.77347;11705.03
3525854;Jumirim;56.685;3056;53.91;99.2;0.741;19564.13502;50416.48
3525904;Jundiaí;431.204;443221;1027.87;98.2;0.822;2111466.93;121121.33
3526001;Junqueirópolis;582.565;20448;35.1;96.8;0.745;67489.3831;35548.8
3526100;Juquiá;812.799;17154;21.1;97.7;0.7;51990.46401;19297.57
3526209;Juquitiba;522.169;27404;52.48;98.5;0.709;79486.51362;17294.82
3526308;Lagoinha;255.472;5083;19.9;99;0.693;18654.63669;14199.91
3526407;Laranjal Paulista;384.274;26261;68.34;98.1;0.729;87439.74193;43562.1
3526506;Lavínia;537.675;9689;18.02;98.6;0.721;40123.56455;14831.08
3526605;Lavrinhas;167.067;7171;42.92;98.5;0.729;23388.76075;16506.35
3526704;Leme;402.871;98161;243.65;97.7;0.744;321603.552;36105.16
3526803;Lençóis Paulista;809.541;66505;82.15;99;0.764;277427.3628;61713.72
3526902;Limeira;580.711;291869;502.61;97.7;0.775;1030815.947;44418.06
3527009;Lindóia;48.756;7014;143.86;97.4;0.742;32919.82535;27301.58
3527108;Lins;570.058;74779;131.18;98.4;0.786;204526.5155;80130.32
3527207;Lorena;414.16;84855;204.88;97.2;0.766;203443.3816;34835.94
3527256;Lourdes;113.94;1950;17.11;98.4;0.742;14174.37069;20097.45
3527306;Louveira;55.738;51847;930.19;97.3;0.777;474676.1141;357104.23
3527405;Lucélia;314.81;20061;63.72;99.4;0.752;54482.53775;23606.88
3527504;Lucianópolis;189.536;2372;12.51;99.1;0.733;16106.81847;31267.95
3527603;Luís Antônio;598.257;12265;20.5;99.4;0.731;72400.55207;94852.81
3527702;Luiziânia;166.576;4701;28.22;92.8;0.702;17628.60665;14290.26
3527801;Lupércio;155.171;3981;25.66;94.5;0.724;17166.49454;20166.24
3527900;Lutécia;475.226;2661;5.6;93.7;0.72;17603.81229;35919.02
3528007;Macatuba;224.514;16829;74.96;99.3;0.77;74107.33272;44045.87
3528106;Macaubal;248.087;7481;30.15;97.9;0.743;24363.14069;22907.81
3528205;Macedônia;327.567;3963;12.1;99.3;0.74;21297.58123;23582.5
3528304;Magda;312.282;3165;10.14;96.5;0.753;23503.51894;32141.72
3528403;Mairinque;210.149;50027;238.05;96.9;0.743;151739.806;45197.77
3528502;Mairiporã;320.697;93853;292.65;98.1;0.788;256281.7026;18943.9
3528601;Manduri;229.046;9871;43.1;98.9;0.739;27217.50205;26249.28
3528700;Marabá Paulista;919.519;4573;4.97;99;0.677;21675.18029;20541.18
3528809;Maracaí;533.498;12673;23.75;98.3;0.771;48883.69285;35435.81
3528858;Marapoama;111.267;3292;29.59;99.4;0.752;19199.59903;96543.8
3528908;Mariápolis;186.544;3513;18.83;97.5;0.718;15325.24935;16040.83
3529005;Marília;1170.515;237627;203.01;97.8;0.798;841368.0586;36163.08
3529104;Marinópolis;77.827;1860;23.9;97.6;0.731;15171.34577;18907.55
3529203;Martinópolis;1253.564;24881;19.85;98.1;0.721;76837.15949;25320.4
3529302;Matão;524.899;79033;150.57;97.7;0.773;237770.178;52800.22
3529401;Mauá;61.937;418261;6753.01;97.4;0.766;980419.2024;35864.96
3529500;Mendonça;195.151;6159;31.56;98.1;0.744;28462.22507;53713.75
3529609;Meridiano;228.199;4572;20.04;98.5;0.731;25373.6573;106286.14
3529658;Mesópolis;148.636;1952;13.13;100;0.724;17661.80335;39032.04
3529708;Miguelópolis;820.849;19441;23.68;98.6;0.741;86649.89567;46864.38
3529807;Mineiros do Tietê;213.242;11230;52.66;98.3;0.73;33021.69165;16077.77
3529906;Miracatu;1001.484;18553;18.53;97.1;0.697;68104.83521;21518
3530003;Mira Estrela;216.825;3126;14.42;97.2;0.743;23360.99888;23035.01
3530102;Mirandópolis;917.694;27983;30.49;97.9;0.751;87710.76706;23204.83
3530201;Mirante do Paranapanema;1238.931;15917;12.85;98.8;0.724;66544.21737;29970.28
3530300;Mirassol;243.228;63337;260.4;93.5;0.762;163458.6297;37468.68
3530409;Mirassolândia;166.125;4669;28.11;96.9;0.738;16915.01936;33041.81
3530508;Mococa;855.156;67681;79.14;98.9;0.762;183202.4222;37854.47
3530607;Mogi das Cruzes;712.541;451505;633.65;97.7;0.783;1496004.062;37632.19
3530706;Mogi Guaçu;812.753;153658;189.06;97.9;0.774;508193.4958;40306.54
3530805;Mogi Mirim;497.708;92558;185.97;97.4;0.784;362655.4379;53862.97
3530904;Mombuca;133.698;3722;27.84;97.8;0.719;19183.51657;28697.26
3531001;Monções;104.352;1937;18.56;100;0.772;23140.05603;28576.97
3531100;Mongaguá;142.755;61951;433.97;98.3;0.754;211556.8439;21139.41
3531209;Monte Alegre do Sul;110.308;8627;78.21;98.3;0.759;27451.17338;27171.17
3531308;Monte Alto;346.95;47574;137.12;98.6;0.768;136384.8248;42768.66
3531407;Monte Aprazível;495.559;22280;44.96;98.8;0.785;66523.95899;28628.4
3531506;Monte Azul Paulista;263.462;18151;68.89;98.6;0.753;70925.69797;30524.56
3531605;Monte Castelo;233.547;4222;18.08;98.2;0.741;22572.16981;28538
3531704;Monteiro Lobato;332.742;4138;12.44;96.5;0.71;18487.1924;15520.44
3531803;Monte Mor;240.566;64662;268.79;97.2;0.733;208286.3551;60631.74
3531902;Morro Agudo;1388.127;27933;20.12;95.9;0.712;131625.996;39948.7
3532009;Morungaba;146.752;13720;93.49;97.4;0.715;42617.22848;40010.09
3532058;Motuca;228.7;4034;17.64;95.4;0.741;20086.85249;23109.3
3532108;Murutinga do Sul;250.873;3737;14.9;96.4;0.726;19191.17473;18923.62
3532157;Nantes;286.647;2660;9.28;98.7;0.714;18811.41613;39735.98
3532207;Narandiba;357.325;5713;15.99;98.9;0.718;29968.19232;53533.41
3532306;Natividade da Serra;833.372;6999;8.4;98.8;0.655;27184.7205;12955.03
3532405;Nazaré Paulista;326.254;18217;55.84;96.9;0.678;57140.66224;22161.94
3532504;Neves Paulista;219.05;9699;44.28;99.7;0.754;30049.25058;27337.56
3532603;Nhandeara;436.159;9852;22.59;97.7;0.751;35956.77035;30672.95
3532702;Nipoã;137.609;4750;34.52;99.2;0.713;18105.42821;17541.46
3532801;Nova Aliança;217.515;6693;30.77;99.2;0.738;26103.39249;32914.63
3532827;Nova Campina;385.375;8497;22.05;99.7;0.651;29547.96244;13935.37
3532843;Nova Canaã Paulista;124.473;2032;16.32;98.8;0.715;15723.42712;24780.14
3532868;Nova Castilho;183.396;1062;5.79;100;0.756;15879.04919;43126.88
3532900;Nova Europa;160.25;9311;58.1;100;0.765;37237.12013;30597.78
3533007;Nova Granada;531.796;19419;36.52;98.6;0.739;51162.29588;22244.24
3533106;Nova Guataporanga;34.158;2156;63.12;99.3;0.726;17113.04869;15644.97
3533205;Nova Independência;265.029;4609;17.39;98;0.735;27217.044;45711
3533254;Novais;117.772;4412;37.46;100;0.719;18418.87984;12628.79
3533304;Nova Luzitânia;73.816;2837;38.43;98.6;0.743;18537.40846;13099.81
3533403;Nova Odessa;73.788;62019;840.5;98.4;0.791;183777.9921;59835.06
3533502;Novo Horizonte;931.743;38324;41.13;97.7;0.753;120993.7829;33667.81
3533601;Nuporanga;348.265;7391;21.22;97.8;0.746;38882.6448;96727.85
3533700;Ocauçu;301.036;4331;14.39;97.7;0.717;19503.1206;41703.96
3533809;Óleo;198.938;2512;12.63;98.9;0.73;15328.65079;52080.97
3533908;Olímpia;802.555;55074;68.62;97.4;0.773;236517.3731;38556.17
3534005;Onda Verde;242.946;4771;19.64;98.7;0.738;24069.66537;42910.33
3534104;Oriente;218.668;6085;27.83;97.2;0.77;19242.27146;17248.51
3534203;Orindiúva;247.378;6024;24.35;99.3;0.767;40163.58444;71673.06
3534302;Orlândia;291.765;38319;131.34;98.3;0.78;173941.8591;49149.65
3534401;Osasco;64.954;728615;11217.4;96;0.776;2238608.113;109025.6
3534500;Oscar Bressane;222.13;2470;11.12;96.7;0.749;16277.63983;40201.94
3534609;Osvaldo Cruz;248.038;31272;126.08;97.6;0.762;82432.6617;30084.86
3534708;Ourinhos;295.818;103970;351.47;98.2;0.778;368729.0891;30644.05
3534757;Ouroeste;288.648;10294;35.66;99.7;0.77;78183.63605;56559.54
3534807;Ouro Verde;266.778;7779;29.16;97.3;0.692;25262.11619;14774.6
3534906;Pacaembu;339.375;14877;43.84;98.9;0.725;41863.00654;14451.79
3535002;Palestina;697.701;11476;16.45;96.6;0.732;41826.13912;32720.96
3535101;Palmares Paulista;82.125;9650;117.5;98.2;0.722;28222.15482;9736.03
3535200;Palmeira d'Oeste;318.74;8903;27.93;98.5;0.753;27828.46216;22351.67
3535309;Palmital;548.407;19594;35.73;97.2;0.746;82329.60384;37083.62
3535408;Panorama;356.05;14964;42.03;95.8;0.722;44391.46296;18823.28
3535507;Paraguaçu Paulista;1001.492;41120;41.06;99.4;0.762;154327.255;35826.34
3535606;Paraibuna;809.576;17667;21.82;97.2;0.719;66686.02864;17820.53
3535705;Paraíso;155.186;6099;39.3;99.1;0.749;31973.66678;41028.26
3535804;Paranapanema;1018.724;19395;19.04;98.1;0.717;92270.42715;43854.47
3535903;Paranapuã;140.354;4031;28.72;98.4;0.732;19551.04085;35790.56
3536000;Parapuã;366.664;10580;28.85;98.9;0.737;33595.1357;58484.77
3536109;Pardinho;209.894;7153;34.08;98.3;0.727;33642.32737;49551.58
3536208;Pariquera-Açu;359.414;19233;53.51;97.1;0.736;47577.06273;27070.89
3536257;Parisi;84.737;2892;34.13;99.6;0.721;17670.99827;24580.93
3536307;Patrocínio Paulista;602.848;14512;24.07;97.8;0.73;60479.20741;77726.47
3536406;Paulicéia;374.091;7955;21.26;94;0.711;32388.08958;26438.1
3536505;Paulínia;138.777;110537;796.51;97.9;0.795;1489238.686;344390.47
3536570;Paulistânia;256.178;2090;8.16;97.5;0.718;16317.83815;23531.2
3536604;Paulo de Faria;737.986;7400;10.03;98.5;0.725;40555.42368;34305.14
3536703;Pederneiras;727.482;44827;61.62;98.3;0.739;131255.0131;49543.21
3536802;Pedra Bela;158.587;6557;41.35;95.8;0.677;19836.18553;17589.55
3536901;Pedranópolis;260.101;2787;10.72;100;0.742;21166.27033;29421.47
3537008;Pedregulho;712.604;15525;21.79;98.4;0.715;52048.67802;79768.4
3537107;Pedreira;108.817;43112;396.19;98.1;0.769;137402.6991;28449.8
3537156;Pedrinhas Paulista;152.309;2804;18.41;97.3;0.774;19656.97603;51571.92
3537206;Pedro de Toledo;670.44;11281;16.83;99.3;0.696;34703.98334;14566.04
3537305;Penápolis;711.315;61679;86.71;98.7;0.759;176756.036;26791.67
3537404;Pereira Barreto;974.247;24095;24.73;98.1;0.766;95814.24479;35465.18
3537503;Pereiras;223.136;8737;39.16;96.8;0.736;27053.68325;32546.19
3537602;Peruíbe;326.216;68352;209.53;98.6;0.749;247307.0326;23748.49
3537701;Piacatu;232.488;5519;23.74;97.5;0.732;21984.23647;17472.66
3537800;Piedade;746.868;52970;70.92;95.6;0.716;122533.4959;27373.56
3537909;Pilar do Sul;681.248;27619;40.54;93.8;0.69;73533.53137;29193.44
3538006;Pindamonhangaba;731.355;165428;226.19;98.2;0.773;437265.7743;53100.44
3538105;Pindorama;184.825;14542;78.68;97.5;0.737;46751.49637;24522.61
3538204;Pinhalzinho;154.529;15224;98.52;97.8;0.725;37961.40892;18411.42
3538303;Piquerobi;482.769;3264;6.76;99.4;0.711;19036.92464;16684.85
3538501;Piquete;175.996;12490;70.97;98.8;0.757;29722.3304;14751.03
3538600;Piracaia;385.568;26029;67.51;98;0.739;81669.70253;21467.55
3538709;Piracicaba;1378.069;423323;307.19;97.5;0.785;1618677.272;66722.37
3538808;Piraju;504.591;29436;58.34;98.3;0.758;88014.55865;28339.07
3538907;Pirajuí;823.758;22431;27.23;97.3;0.749;64791.56603;19177.77
3539004;Pirangi;215.809;10885;50.44;97.8;0.756;35355.15179;33609.26
3539103;Pirapora do Bom Jesus;108.489;18370;169.33;97.5;0.727;58017.85572;27289.38
3539202;Pirapozinho;477.673;25348;53.07;98.8;0.776;73783.01617;34855.11
3539301;Pirassununga;727.118;73545;101.15;98.2;0.801;222456.699;40574.94
3539400;Piratininga;402.409;15108;37.54;98.4;0.779;45924.28939;18560.91
3539509;Pitangueiras;430.638;33674;78.2;99;0.723;118854.893;31905.74
3539608;Planalto;289.825;4389;15.14;99.2;0.719;26937.60005;34039.3
3539707;Platina;327.48;3025;9.24;98.5;0.719;18777.85413;35648.22
3539806;Poá;17.264;103765;6010.48;97.6;0.771;446332.8798;27988.4
3539905;Poloni;135.12;5592;41.39;99.5;0.766;2550.94264;23514.95
3540002;Pompéia;784.674;20196;25.74;98.6;0.786;87731.5226;67957.72
3540101;Pongaí;183.399;3395;18.51;97.4;0.755;17231.881;24953.38
3540200;Pontal;356.371;37607;105.53;94.5;0.725;91779.76343;25641.45
3540259;Pontalinda;209.525;4127;19.7;98.3;0.702;20419.78372;18316.11
3540309;Pontes Gestal;217.505;2387;10.97;97.8;0.732;25833.2794;39650.92
3540408;Populina;315.938;4127;13.06;99.6;0.714;23913.86681;26386.62
3540507;Porangaba;265.689;10451;39.34;94.7;0.703;26940.34188;20004.98
3540606;Porto Feliz;556.706;56497;101.48;98.2;0.758;237880.2664;58738.35
3540705;Porto Ferreira;244.906;52649;214.98;98.1;0.751;184540.6666;40437.61
3540754;Potim;44.643;20392;456.78;99.3;0.697;44646.05728;10395.45
3540804;Potirendaba;342.492;18496;54;98;0.747;62696.58066;33595.64
3540853;Pracinha;63.054;2578;40.89;100;0.696;12402.08938;8517.42
3540903;Pradópolis;167.378;17078;102.03;96.3;0.733;70105.62358;48858.2
3541000;Praia Grande;149.652;349935;2338.32;96.9;0.754;1416820.999;24522.77
3541059;Pratânia;175.1;5126;29.27;97.7;0.701;20636.81564;21800.46
3541109;Presidente Alves;286.642;3804;13.27;98.9;0.735;16403.63642;17819.12
3541208;Presidente Bernardes;749.233;14490;19.34;98.5;0.757;44621.55147;28001.53
3541307;Presidente Epitácio;1260.281;39505;31.35;98.8;0.75;100762.9025;21529.73
3541406;Presidente Prudente;560.637;225668;402.52;97.8;0.806;683206.23;36926.23
3541505;Presidente Venceslau;755.203;35201;46.61;98.6;0.763;126626.5868;19800.54
3541604;Promissão;779.2;35131;45.09;96.7;0.743;115005.8425;50155.74
3541653;Quadra;205.672;3405;16.56;98.3;0.678;20917.41061;32569.21
3541703;Quatá;651.341;13163;20.21;98.7;0.738;49974.77317;52388.45
3541802;Queiroz;234.914;3265;13.9;98.1;0.715;22185.9865;251248.25
3541901;Queluz;249.399;9159;36.72;98;0.722;38623.04826;25405.9
3542008;Quintana;318.937;7038;22.07;98.1;0.732;25965.38474;32808.1
3542107;Rafard;121.645;8965;73.7;98.3;0.745;40615.26321;42152.02
3542206;Rancharia;1587.498;28588;18.01;97.5;0.751;97943.57859;44488.36
3542305;Redenção da Serra;309.441;4494;14.52;95.2;0.657;17915.64921;16260.01
3542404;Regente Feijó;263.28;20145;76.52;98.8;0.768;62778.31766;41693.55
3542503;Reginópolis;410.406;7662;18.67;98.8;0.728;26825.04292;17986.08
3542602;Registro;722.201;59947;83.01;97.3;0.754;183948.6328;38784.03
3542701;Restinga;245.746;6404;26.06;98.6;0.705;27764.77117;25122.82
3542800;Ribeira;335.759;3132;9.33;97;0.698;17956.11432;16268.78
3542909;Ribeirão Bonito;471.553;10989;23.3;98.7;0.712;37513.44987;25989.86
3543006;Ribeirão Branco;697.5;18627;26.71;97.5;0.639;46317.57908;31592.42
3543105;Ribeirão Corrente;148.332;4608;31.07;100;0.711;21819.42408;36876.67
3543204;Ribeirão do Sul;203.208;4677;23.02;99;0.747;21555.29534;44291.74
3543238;Ribeirão dos Índios;196.446;2025;10.31;98.6;0.721;16031.01851;19023.38
3543253;Ribeirão Grande;333.363;7450;22.35;96.8;0.705;30160.19922;28500.12
3543303;Ribeirão Pires;98.972;115559;1167.59;97.4;0.784;295223.1761;26911.94
3543402;Ribeirão Preto;650.916;698642;1073.32;96.9;0.8;2888565.292;49476.86
3543501;Riversul;385.878;5599;14.51;95.9;0.664;18672.1;15647.08
3543600;Rifaina;162.508;4049;24.92;99.2;0.74;33617.0077;47707.81
3543709;Rincão;316.639;9098;28.73;98.2;0.734;31872.72117;19419.63
3543808;Rinópolis;358.481;9259;25.83;98.6;0.723;29172.65856;30432.07
3543907;Rio Claro;498.422;201418;404.11;98.2;0.803;803525.4122;54960.37
3544004;Rio das Pedras;226.657;31328;138.22;98.4;0.759;102407.1913;40991.88
3544103;Rio Grande da Serra;36.341;44170;1215.43;98.2;0.749;88976.07302;16478.41
3544202;Riolândia;631.897;10309;16.31;96.7;0.703;38925.72303;19390.5
3544251;Rosana;744.011;17440;23.44;98.1;0.764;93680.95622;139866.39
3544301;Roseira;129.847;10832;83.42;98.7;0.737;33895.39412;31343.26
3544400;Rubiácea;236.484;2700;11.42;99.5;0.721;16706.3947;25797.93
3544509;Rubinéia;242.877;3833;15.78;100;0.759;25539.42748;27886.15
3544608;Sabino;305.285;5112;16.75;97.2;0.728;24381.55714;24101.52
3544707;Sagres;147.935;2474;16.72;99.2;0.73;14008.8457;19126.62
3544806;Sales;308.555;6437;20.86;100;0.751;32637.57083;24305.17
3544905;Sales Oliveira;305.776;11411;37.32;98.8;0.772;44247.32066;34355.62
3545001;Salesópolis;424.997;15202;35.77;98.4;0.732;42345.10216;14161.31
3545100;Salmourão;172.934;4808;27.8;98.3;0.719;16370.61593;15588.91
3545159;Saltinho;99.738;8161;81.82;96.8;0.791;28672.08886;34833.08
3545209;Salto;133.057;134319;1009.48;98.4;0.78;354244.6401;65188.56
3545308;Salto de Pirapora;280.412;43748;156.01;98.6;0.729;131729.4322;45907.4
3545407;Salto Grande;188.441;9050;48.03;96.5;0.704;29971.47426;28643.94
3545506;Sandovalina;455.856;3645;8;98.2;0.709;32307.83146;100309.54
3545605;Santa Adélia;330.269;14018;42.44;100;0.76;45504.82836;22906
3545704;Santa Albertina;272.692;6393;23.44;98.8;0.728;28804.62392;35341.71
3545803;Santa Bárbara d'Oeste;271.03;183347;676.48;98.4;0.781;525487.1773;33335.49
3546009;Santa Branca;272.238;13975;51.33;98.8;0.735;46517.46241;19156.3
3546108;Santa Clara d'Oeste;183.458;2598;14.16;98.5;0.733;17757.40355;35018.03
3546207;Santa Cruz da Conceição;150.13;4277;28.49;99.6;0.79;23274.35012;31703.34
3546256;Santa Cruz da Esperança;148.062;2116;14.29;86.2;0.743;15779.04758;29654.98
3546306;Santa Cruz das Palmeiras;295.337;28864;97.73;97.3;0.728;79313.66173;16700.79
3546405;Santa Cruz do Rio Pardo;1114.747;46442;41.66;96.3;0.762;156934.1458;50673.64
3546504;Santa Ernestina;134.421;6118;45.51;99.2;0.738;20029.97331;19013.15
3546603;Santa Fé do Sul;206.537;34794;168.46;97.9;0.784;156348.1931;38953.74
3546702;Santa Gertrudes;98.291;23611;240.22;98.3;0.737;105948.3807;98302.42
3546801;Santa Isabel;363.332;53174;146.35;97.8;0.738;151362.7504;27755.97
3546900;Santa Lúcia;153.86;7149;46.46;98.6;0.737;21826.35578;14199.98
3547007;Santa Maria da Serra;252.621;5243;20.75;97.5;0.686;22804.66772;22019.43
3547106;Santa Mercedes;166.753;2956;17.73;98.8;0.739;15161.8698;21064.07
3547205;Santana da Ponte Pensa;129.888;1670;12.86;100;0.773;13968.35312;28238.12
3547304;Santana de Parnaíba;179.949;154105;856.38;97.3;0.814;923581.4512;69580.95
3547403;Santa Rita d'Oeste;209.8;2733;13.03;100;0.761;19386.20853;26935.39
3547502;Santa Rita do Passa Quatro;754.141;24833;32.93;97.8;0.775;80902.27423;27501.67
3547601;Santa Rosa de Viterbo;288.576;23411;81.13;97.9;0.77;68601.56295;28491.25
3547650;Santa Salete;79.192;1645;20.77;100;0.772;14764.64508;25484.81
3547700;Santo Anastácio;552.876;17963;32.49;98.5;0.753;50984.43585;24002.08
3547809;Santo André;175.782;748919;4260.5;97.4;0.815;2493588.876;40812.01
3547908;Santo Antônio da Alegria;310.311;6775;21.83;97.5;0.702;25078.04394;26755.01
3548005;Santo Antônio de Posse;154.133;23244;150.8;97.3;0.702;99441.30049;67655.55
3548054;Santo Antônio do Aracanguá;1308.432;8379;6.4;98.9;0.757;46586.21956;29881.54
3548104;Santo Antônio do Jardim;109.956;6126;55.71;97;0.714;20805.41817;32967.09
3548203;Santo Antônio do Pinhal;133.008;7133;53.63;98.3;0.706;26086.65888;19014.9
3548302;Santo Expedito;94.465;3000;31.76;99.1;0.732;13758.90394;14345.24
3548401;Santópolis do Aguapeí;128.026;3899;30.45;98.6;0.74;17610.05984;14977.59
3548500;Santos;281.033;418608;1489.53;98.2;0.84;2639959.078;50901.03
3548609;São Bento do Sapucaí;252.579;11674;46.22;98.5;0.72;33856.89703;21921.97
3548708;São Bernardo do Campo;409.532;810729;1979.65;97.6;0.805;3962694.357;57566.99
3548807;São Caetano do Sul;15.331;165655;10805.23;97.4;0.862;1332807.609;86200.01
3548906;São Carlos;1136.907;254857;224.17;97.9;0.805;788156.0699;47701.04
3549003;São Francisco;75.579;2602;34.43;100;0.723;16083.89271;16960.21
3549102;São João da Boa Vista;516.399;92547;179.22;97.2;0.797;343289.0819;37525.37
3549201;São João das Duas Pontes;129.462;2580;19.93;99.4;0.72;16496.92245;19248.26
3549250;São João de Iracema;178.396;1846;10.35;98.1;0.748;17549.35515;22015.34
3549300;São João do Pau d'Alho;117.665;2242;19.05;99.2;0.75;14784.83723;26353.84
3549409;São Joaquim da Barra;410.863;48558;118.19;96.7;0.762;127850.569;36015.43
3549508;São José da Bela Vista;276.952;7626;27.54;97.9;0.693;26119.83908;20514.4
3549607;São José do Barreiro;570.685;3853;6.75;95.5;0.684;20799.15331;14539.84
3549706;São José do Rio Pardo;419.684;52205;124.39;97.6;0.774;179275.7673;39312.39
3549805;São José do Rio Preto;431.944;480393;1112.17;98;0.797;1635000.401;40204.08
3549904;São José dos Campos;1099.409;697054;634.03;97.4;0.807;2855786.777;53646.74
3549953;São Lourenço da Serra;186.456;16067;86.17;97.2;0.728;40826.834;16622.93
3550001;São Luiz do Paraitinga;617.315;10337;16.75;100;0.697;35566.58113;17791.25
3550100;São Manuel;650.734;37289;57.3;97.3;0.744;130714.7201;31287.58
3550209;São Miguel Arcanjo;930.339;32039;34.44;95.9;0.71;80296.68934;28157.14
3550308;São Paulo;1521.202;11451999;7528.26;96;0.805;54010996.76;60750.09
3550407;São Pedro;611.278;38256;62.58;94.8;0.755;137416.5857;22720.61
3550506;São Pedro do Turvo;731.221;7217;9.87;97.4;0.703;29831.91661;30543.88
3550605;São Roque;306.908;79484;258.98;97.6;0.768;269798.9712;33763.03
3550704;São Sebastião;402.395;81595;202.77;98.2;0.772;683723.6113;37830.81
3550803;São Sebastião da Grama;252.41;10441;41.37;98.3;0.701;33598.02654;27140.86
3550902;São Simão;617.252;13442;21.78;99.8;0.766;54307.19042;30736.27
3551009;São Vicente;148.151;329911;2226.86;96.7;0.768;957785.4228;15551.5
3551108;Sarapuí;352.592;10369;29.41;99;0.707;28419.51452;17999.89
3551207;Sarutaiá;141.608;3704;26.16;98.7;0.688;15520.29483;23613.43
3551306;Sebastianópolis do Sul;167.848;3130;18.65;99;0.773;24045.80127;122735.22
3551405;Serra Azul;283.144;12746;45.02;96.9;0.686;30237.27602;12611.85
3551504;Serrana;126.046;43909;348.36;97.5;0.729;124393.8617;25930.77
3551603;Serra Negra;203.734;29894;146.73;97.8;0.767;102223.7922;25165.64
3551702;Sertãozinho;403.089;126887;314.79;98.5;0.761;519898.9592;52255.66
3551801;Sete Barras;1062.699;12730;11.98;96.1;0.673;40085.21132;27506.04
3551900;Severínia;140.46;14576;103.77;96;0.715;56762.33992;14326.81
3552007;Silveiras;414.782;6186;14.91;98.2;0.678;24259.16692;14132.69
3552106;Socorro;449.029;40122;89.35;97.7;0.729;103733.5194;23257.18
3552205;Sorocaba;449.872;723682;1608.64;98.1;0.798;2904617.703;53427.5
3552304;Sud Mennucci;594.744;7355;12.37;98.3;0.747;36969.41725;29262.58
3552403;Sumaré;153.465;279545;1821.56;97.7;0.762;697378.0198;48044.99
3552502;Suzano;206.236;307429;1490.67;96.7;0.765;754545.2912;42170.5
3552551;Suzanápolis;330.587;3408;10.31;99.8;0.699;27632.55855;73946.17
3552601;Tabapuã;345.792;11323;32.75;98.4;0.735;38949.30441;20866.4
3552700;Tabatinga;368.604;14769;40.07;96.5;0.704;42725.24708;17802.02
3552809;Taboão da Serra;20.388;273542;13416.81;96.9;0.769;799203.326;30692.4
3552908;Taciba;607.267;6260;10.31;99.3;0.723;40441.753;30157.56
3553005;Taguaí;145.332;12669;87.17;97.3;0.709;34774.55964;19482.2
3553104;Taiaçu;107.059;5677;53.03;97.8;0.71;23201.97518;15867.28
3553203;Taiúva;132.459;6548;49.43;97.8;0.76;20841.96812;20882.86
3553302;Tambaú;561.788;21435;38.15;97.7;0.731;84782.78536;25799.75
3553401;Tanabi;747.218;25265;33.81;99;0.748;77937.68822;46578.74
3553500;Tapiraí;755.1;7996;10.59;98.3;0.681;29032.22377;23609.6
3553609;Tapiratiba;221.891;11816;53.25;98.2;0.751;46243.60329;20046.34
3553658;Taquaral;53.892;2619;48.6;98.2;0.759;15229.67138;15816.4
3553708;Taquaritinga;594.335;52260;87.93;98.2;0.748;195729.8633;30074.32
3553807;Taquarituba;448.515;24350;54.29;97.8;0.701;79379.34748;37856.1
3553856;Taquarivaí;231.792;6876;29.66;99.4;0.679;24023.00551;56672.12
3553906;Tarabai;201.385;6536;32.46;99.2;0.726;22139.79281;18970.86
3553955;Tarumã;302.913;14882;49.13;99;0.753;68265.10796;56201.36
3554003;Tatuí;523.749;123942;236.64;97.6;0.752;335219.5472;35806.34
3554102;Taubaté;625.003;310739;497.18;98.1;0.8;1150010.208;46886.82
3554201;Tejupá;296.189;4127;13.93;98.4;0.668;20384.66136;27077.88
3554300;Teodoro Sampaio;1555.803;22173;14.25;97.1;0.741;73860.55533;24968.58
3554409;Terra Roxa;221.541;7904;35.68;98.9;0.749;28597.7748;17000.27
3554508;Tietê;404.396;37663;93.13;97.1;0.778;146954.3997;46351.49
3554607;Timburi;196.79;2464;12.52;99.7;0.71;17816.13234;21927.44
3554656;Torre de Pedra;71.348;2046;28.68;98.4;0.714;13407.93487;14009.53
3554706;Torrinha;315.267;9335;29.61;96.4;0.744;27051.47801;23403.04
3554755;Trabiju;63.421;1682;26.52;98.4;0.722;13199.32883;23950.98
3554805;Tremembé;191.094;51173;267.79;97.8;0.785;115438.788;17013.04
3554904;Três Fronteiras;151.594;6804;44.88;98.8;0.753;20281.16732;18941.39
3554953;Tuiuti;126.731;6778;53.48;97.3;0.728;21049.98575;26755.88
3555000;Tupã;627.986;63928;101.8;97.3;0.771;158108.3283;31059.21
3555109;Tupi Paulista;244.77;15854;64.77;99.4;0.769;45866.82798;20095.6
3555208;Turiúba;153.235;1818;11.86;100;0.751;17138.43291;27207.01
3555307;Turmalina;147.797;1669;11.29;97.1;0.736;16654.98595;39790.65
3555356;Ubarana;209.861;5365;25.56;99.7;0.7;27007.48148;62839.13
3555406;Ubatuba;708.105;92981;131.31;97.7;0.751;315083.3597;26111.17
3555505;Ubirajara;282.179;5132;18.19;98.9;0.727;20437.85761;24193.01
3555604;Uchoa;252.434;10394;41.18;98.2;0.721;41443.11356;34608.34
3555703;União Paulista;79.056;1603;20.28;96.8;0.749;14795.32857;27198.47
3555802;Urânia;209.262;8833;42.21;100;0.746;25938.31201;27057.23
3555901;Uru;146.901;1387;9.44;95.1;0.712;15080.53182;38900.94
3556008;Urupês;323.916;13744;42.43;99.1;0.745;42321.88297;33323.19
3556107;Valentim Gentil;149.741;14098;94.15;98.8;0.735;41491.25856;29357.35
3556206;Valinhos;148.538;126373;850.78;97.2;0.819;551223.3311;52314.12
3556305;Valparaíso;857.661;24241;28.26;98;0.725;81981.0777;43140.43
3556354;Vargem;142.595;10512;73.72;98.1;0.699;23552.12652;13564.3
3556404;Vargem Grande do Sul;267.178;40133;150.21;98.8;0.737;106003.734;26291.66
3556453;Vargem Grande Paulista;42.489;50415;1186.54;97.2;0.77;161893.611;44174.64
3556503;Várzea Paulista;35.12;115771;3296.44;96.9;0.759;278885.5884;25507.18
3556602;Vera Cruz;247.716;10176;41.08;99;0.754;29102.65535;18553.52
3556701;Vinhedo;80.95;76540;945.52;97.5;0.817;468512.3804;130500.02
3556800;Viradouro;217.726;17414;79.98;98.4;0.739;59293.68816;19558.31
3556909;Vista Alegre do Alto;95.429;8109;84.97;100;0.744;37513.17079;44966.33
3556958;Vitória Brasil;49.832;1794;36;98.5;0.725;13498.08908;23045.31
3557006;Votorantim;184.186;127923;694.53;97.8;0.767;366924.7345;27713.57
3557105;Votuporanga;420.703;96634;229.7;98.8;0.79;303453.5047;35390.26
3557154;Zacarias;319.056;2692;8.44;98.6;0.729;24744.74691;41074.6
3557204;Chavantes;188.727;12211;64.7;98.6;0.729;38538.01922;19174.98
3557303;Estiva Gerbi;74.144;11295;152.34;98.6;0.74;40727.84327;30424.88
